{
  "random": {
    "I": 0.03964439677160908,
    "p_sim": 0.001,
    "z_sim": 5.939730373268036,
    "n_lsoa": 4993
  },
  "spatial": {
    "I": 0.6818694452240208,
    "p_sim": 0.001,
    "z_sim": 97.58462810075264,
    "n_lsoa": 4993
  }
}