{
  "spatial_lag": 0.2117333924108212,
  "duration": 0.19303948086993833,
  "dist_cbd_m": 0.1330852424991357,
  "property_type": 0.11831924155820572,
  "old_new": 0.0473601983690452,
  "poi_count_1000m": 0.03920018261121066,
  "dist_thames_m": 0.02413468569169515,
  "year_quarter": 0.02030971897324918,
  "dist_canary_wharf_m": 0.020236421774794826,
  "dist_bank_m": 0.014150823744114327,
  "dist_station_m": 0.011652636113448338,
  "poi_count_500m": 0.01005829619310538
}